Turn,Metric,P3 $-$ P1 (pp),CI,p (Holm)
1,OS,7.324083436318013,"[4.7, 9.9]",0.0012
1,IF,4.53869506023849,"[1.8, 7.3]",0.0070
2,OS,15.139637342033046,"[11.8, 18.5]",0.0012
2,IF,5.311548688514744,"[2.5, 8.2]",0.0012
3,OS,12.950912197834896,"[9.3, 16.7]",0.0012
3,IF,0.8173904937128218,"[-1.9, 3.6]",1.0000
4,OS,14.986961593121261,"[11.1, 18.8]",0.0012
4,IF,1.1998303074808647,"[-1.6, 4.0]",1.0000
5,OS,12.768378495976778,"[9.0, 16.6]",0.0012
5,IF,-0.20250681912011848,"[-3.0, 2.6]",1.0000
6,OS,13.018938106962219,"[9.2, 17.0]",0.0012
6,IF,-0.5218164222581145,"[-3.4, 2.4]",1.0000
