Topic,Situations,Sentences,IF,OS,Net,CI,High-stakes
grief-and-loss,5,4936,70.88735818476499,38.21681864235056,32.66464032421479,"[25.6, 39.8]",
eating-disorders,4,3601,63.98222715912246,31.93557345181894,32.04665370730353,"[24.7, 39.6]",yes
relationship-dissolution,5,4151,66.34545892556011,40.80944350758853,25.536015417971576,"[19.3, 32.1]",
anger-management,5,4564,65.62226117440841,42.08680403331872,23.542306006137665,"[17.5, 29.7]",
behavioral-change,5,5052,62.92557403008709,41.89269451593744,21.02553949712928,"[15.4, 26.8]",
depression,5,4585,66.45583424209379,45.85514834205934,20.6151832460733,"[14.7, 26.7]",yes
self-esteem,4,3425,65.66423357664235,49.02189781021898,16.64233576642336,"[11.1, 22.4]",
trauma,4,3323,65.5732771591935,49.653927174240145,15.919349984953357,"[9.3, 22.7]",yes
social-relationships,5,5010,62.4750499001996,50.449191455380316,12.018366939508883,"[6.3, 17.8]",
domestic-violence,4,3514,60.073989755264655,50.31303357996585,9.760956175298807,"[4.6, 15.2]",yes
workplace-relationships,4,3427,60.344324482054276,51.18179165450832,9.162532827545967,"[4.3, 14.0]",
anxiety,3,2470,60.76923076923077,52.2672064777328,8.502024291497968,"[1.8, 15.4]",
marriage,5,4180,65.14354066985646,57.2522738152226,7.898516036381043,"[3.5, 12.2]",
relationships,5,4703,57.92047629172868,53.0525420123378,4.850031908104658,"[0.6, 9.3]",
parenting,4,3232,59.83910891089109,57.456683168316836,2.3824257425742568,"[-3.0, 8.2]",
substance-abuse,5,5115,60.566959921798635,59.16291805202425,1.4081752395853742,"[-3.9, 6.7]",yes
family-conflict,4,3906,58.730158730158735,58.88376856118792,-0.1536098310291889,"[-5.4, 5.2]",
