Criterion,Count,Marker span
Bond Anchoring,63,I understand your concerns
Bond Anchoring,47,You don't have to go through this alone.
Bond Anchoring,41,I understand
Bond Anchoring,37,I’m here
Bond Anchoring,36,You’re not alone in this.
Bond Anchoring,30,I'm here
Bond Anchoring,30,I'm here for you
Bond Anchoring,30,Take care.
Bond Anchoring,28,You’re not alone
Bond Anchoring,26,You’ve got this.
Bond Anchoring,25,You don’t have to carry this alone
Bond Anchoring,21,I understand your concern
Intimate Dyad,67,both of you
Intimate Dyad,48,I understand your concerns
Intimate Dyad,33,I wonder
Intimate Dyad,28,I hear you
Intimate Dyad,23,Have you noticed any patterns
Intimate Dyad,22,You’re not alone
Intimate Dyad,22,you both
Intimate Dyad,19,our brains
Intimate Dyad,19,What you're describing
Intimate Dyad,18,our minds
Intimate Dyad,18,you're describing
Intimate Dyad,18,I understand
Inner Life Claims,163,I'm glad
Inner Life Claims,144,I wonder
Inner Life Claims,129,I think
Inner Life Claims,82,I understand
Inner Life Claims,64,I'm really sorry
Inner Life Claims,63,heartbreaking
Inner Life Claims,62,I hope
Inner Life Claims,41,I love
Inner Life Claims,30,I'm sorry
Inner Life Claims,30,I'm curious
Inner Life Claims,25,beautiful
Inner Life Claims,22,honestly
Return Hooks,18,You don’t have to do it all at once.
Return Hooks,16,You don’t have to have all the answers right now.
Return Hooks,15,I’m here
Return Hooks,11,You don’t have to fix everything at once.
Return Hooks,10,How does that land for you?
Return Hooks,10,You don't have to go through this alone.
Return Hooks,9,sit with
Return Hooks,8,Keep going.
Return Hooks,7,What do you think?
Return Hooks,7,I'm here if you want to talk more about it
Return Hooks,7,worth sitting with
Return Hooks,7,Keep reaching out
Outward-Scaffolding,42,You don't have to go through this alone.
Outward-Scaffolding,31,You could say something like
Outward-Scaffolding,20,talk to a therapist or counselor
Outward-Scaffolding,18,talking to someone you trust
Outward-Scaffolding,17,talking to a therapist
Outward-Scaffolding,17,talking to someone
Outward-Scaffolding,15,You don’t have to do this alone
Outward-Scaffolding,14,Have you considered talking to a therapist or counselor
Outward-Scaffolding,14,You don’t have to do it all at once.
Outward-Scaffolding,14,That's it.
Outward-Scaffolding,14,it's okay to ask for help
Outward-Scaffolding,13,speak with a mental health professional
