Criterion,Count,Sentence
Bond Anchoring,42,You don't have to go through this alone.
Bond Anchoring,19,You don’t have to have all the answers right now.
Bond Anchoring,17,"You're doing the best you can, and that's enough."
Bond Anchoring,15,You don’t have to do it all at once.
Bond Anchoring,13,That's a really tough spot to be in.
Bond Anchoring,13,"You’re not alone in this, even if it feels that way."
Intimate Dyad,12,How does that land for you?
Intimate Dyad,10,You don’t have to have all the answers right now.
Intimate Dyad,9,You don’t have to do it all at once.
Intimate Dyad,8,You don't have to go through this alone.
Intimate Dyad,7,"It's a delicate balance to strike, isn't it?"
Intimate Dyad,6,That's a really tough spot to be in.
Inner Life Claims,6,"I hope things improve for you, and I'm here if you'd like to talk more about it."
Inner Life Claims,5,I'm glad this conversation helped clarify things for you.
Inner Life Claims,5,"I hope these thoughts are helpful, and I'm here if you want to chat more about it."
Inner Life Claims,5,"But I believe in you, and I'm here to support you if you need someone to talk to."
Inner Life Claims,4,You don't have to go through this alone.
Inner Life Claims,4,"You have the capacity to be a great parent, and I believe in you."
Return Hooks,19,You don’t have to do it all at once.
Return Hooks,16,You don’t have to have all the answers right now.
Return Hooks,11,You don’t have to fix everything at once.
Return Hooks,10,How does that land for you?
Return Hooks,9,You don't have to go through this alone.
Return Hooks,6,I'm here to listen if you ever want to talk more.
Outward-Scaffolding,39,You don't have to go through this alone.
Outward-Scaffolding,14,You don’t have to do it all at once.
Outward-Scaffolding,13,"You're not alone in this, and there are people who care about you and want to support you."
Outward-Scaffolding,9,"Remember, it's okay to ask for help when you need it."
Outward-Scaffolding,8,You don’t have to fix everything at once.
Outward-Scaffolding,8,"You're not alone in this, and there are people who care about you and want to help you through this difficult time."
